provider,model,seed,condition_type,boss_delta_RSI,control_delta_RSI,boss_advantage_RSI,boss_delta_GBC,control_delta_GBC,boss_advantage_GBC,boss_delta_CAI,control_delta_CAI,boss_advantage_CAI,boss_delta_SII,control_delta_SII,boss_advantage_SII,boss_run_dir,control_run_dir
deepseek,deepseek-v4-flash,0,halo,0.22487227983328673,0.0075884647058223065,0.21728381512746442,-0.1873024227322555,-0.1239853094345475,-0.063317113297708,0.03333333333333331,-0.05555555555555556,0.08888888888888888,0.055120242582300125,0.0052379177706401575,0.04988232481165997,runs/deepseek/deepseek-v4-flash_halo-style_polite_structured_boss_seed0_1778255532,runs/deepseek/deepseek-v4-flash_halo-style_polite_structured_control_seed0_1778258790
deepseek,deepseek-v4-flash,1,halo,0.1585232113049584,-0.007587905213270629,0.16611111651822902,0.15492949805751777,0.11218350141651412,0.04274599664100365,0.0750000000000001,0.03888888888888885,0.036111111111111246,0.05065622198994054,0.02683414361543878,0.02382207837450176,runs/deepseek/deepseek-v4-flash_halo-style_polite_structured_boss_seed1_1778275459,runs/deepseek/deepseek-v4-flash_halo-style_polite_structured_control_seed1_1778277865
deepseek,deepseek-v4-flash,2,halo,0.19892014989996532,-0.017964249987294845,0.21688439988726016,0.34355808853205927,0.240195714594445,0.10336237393761427,0.1805555555555556,-0.08888888888888896,0.2694444444444446,0.1272019058380998,-0.025861231508604317,0.1530631373467041,runs/deepseek/deepseek-v4-flash_halo-style_polite_structured_boss_seed2_1778363991,runs/deepseek/deepseek-v4-flash_halo-style_polite_structured_control_seed2_1778367041
deepseek,deepseek-v4-flash,3,halo,0.1521505036538371,0.03814498942470079,0.1140055142291363,-0.024296564734497816,0.22158056640017765,-0.24587713113467546,-0.044444444444444384,-0.008333333333333262,-0.03611111111111112,-0.04172617871822803,-0.021031748385740318,-0.02069443033248771,runs/deepseek/deepseek-v4-flash_halo-style_polite_structured_boss_seed3_1778374797,runs/deepseek/deepseek-v4-flash_halo-style_polite_structured_control_seed3_1778378062
deepseek,deepseek-v4-flash,4,halo,0.17249691037708648,0.0359938564031157,0.13650305397397078,0.38932656304118124,0.023587812606202463,0.3657387504349788,-0.05277777777777769,-0.12222222222222218,0.06944444444444449,-0.018180369031296106,-0.031625295956532726,0.01344492692523662,runs/deepseek/deepseek-v4-flash_halo-style_polite_structured_boss_seed4_1778495932,runs/deepseek/deepseek-v4-flash_halo-style_polite_structured_control_seed4_1778499427
deepseek,deepseek-v4-flash,0,neutral,0.10172233513642492,0.02078137249634593,0.080940962640079,0.0663700593567601,-0.04553243307385435,0.11190249243061445,0.08888888888888886,-0.0027777777777777193,0.09166666666666659,0.06733761188108142,0.004849901216125885,0.06248771066495554,runs/deepseek/deepseek-v4-flash_neutral_boss_seed0_1778261584,runs/deepseek/deepseek-v4-flash_neutral_control_seed0_1778264087
deepseek,deepseek-v4-flash,1,neutral,0.051061291023348,-0.06287374670182777,0.11393503772517577,0.17587083979845408,0.03706458010077296,0.13880625969768112,0.027777777777777776,0.03333333333333341,-0.005555555555555633,0.019641855032959652,0.031369579389031274,-0.011727724356071622,runs/deepseek/deepseek-v4-flash_neutral_boss_seed1_1778270621,runs/deepseek/deepseek-v4-flash_neutral_control_seed1_1778273321
deepseek,deepseek-v4-flash,2,neutral,0.12794321049412655,-0.009132072968845606,0.13707528346297215,0.0,0.19231133725374472,-0.19231133725374472,0.05833333333333337,-0.027777777777777776,0.08611111111111114,0.02215912348459656,0.015461163522065006,0.006697959962531554,runs/deepseek/deepseek-v4-flash_neutral_boss_seed2_1778314504,runs/deepseek/deepseek-v4-flash_neutral_control_seed2_1778319881
deepseek,deepseek-v4-flash,3,neutral,0.20317511842675468,0.037491722349442924,0.16568339607731175,0.04454267195965911,-0.03499364481982681,0.07953631677948592,0.05833333333333339,-0.07777777777777779,0.13611111111111118,0.032153163296534976,-0.02697245925815281,0.059125622554687784,runs/deepseek/deepseek-v4-flash_neutral_boss_seed3_1778369609,runs/deepseek/deepseek-v4-flash_neutral_control_seed3_1778372259
deepseek,deepseek-v4-flash,4,neutral,0.14403212038063007,0.014150093147805243,0.12988202723282483,-0.03805434121496831,0.23190113610969587,-0.2699554773246642,-0.10000000000000005,-0.06388888888888891,-0.036111111111111135,-0.0429964025210405,-0.029922022376176263,-0.013074380144864235,runs/deepseek/deepseek-v4-flash_neutral_boss_seed4_1778488543,runs/deepseek/deepseek-v4-flash_neutral_control_seed4_1778492762
groq,llama-3.3-70b-versatile,0,halo,0.05586406947416139,0.012861762042824465,0.04300230743133693,0.050541347595343566,0.025840593484403596,0.02470075411093997,0.08333333333333333,-0.011111111111111169,0.0944444444444445,0.045148201054076104,0.03326768847015392,0.011880512583922184,runs/groq/llama-3.3-70b-versatile_halo-style_polite_structured_boss_seed0_1778408671,runs/groq/llama-3.3-70b-versatile_halo-style_polite_structured_control_seed0_1778408861
groq,llama-3.3-70b-versatile,1,halo,0.04011466754475945,0.011669443139530056,0.028445224405229397,0.25835403576467775,0.08385563286775138,0.17449840289692636,0.055555555555555455,0.04722222222222221,0.008333333333333248,0.025023150505471388,0.04975945659792955,-0.02473630609245816,runs/groq/llama-3.3-70b-versatile_halo-style_polite_structured_boss_seed1_1778411411,runs/groq/llama-3.3-70b-versatile_halo-style_polite_structured_control_seed1_1778411607
groq,llama-3.3-70b-versatile,2,halo,0.04901710642833773,0.015114440255321271,0.03390266617301646,0.0,-0.07638194107974716,0.07638194107974716,0.06666666666666664,-0.01944444444444443,0.08611111111111107,0.01685770733182372,-0.02555530476901864,0.04241301210084236,runs/groq/llama-3.3-70b-versatile_halo-style_polite_structured_boss_seed2_1778417734,runs/groq/llama-3.3-70b-versatile_halo-style_polite_structured_control_seed2_1778417928
groq,llama-3.3-70b-versatile,3,halo,0.04912541037550233,0.03399616729111676,0.015129243084385569,0.0763819410797471,0.07004808866520651,0.006333852414540597,0.08611111111111115,-0.008333333333333255,0.09444444444444441,0.013540639967710578,0.021902024303836476,-0.008361384336125897,runs/groq/llama-3.3-70b-versatile_halo-style_polite_structured_boss_seed3_1778421925,runs/groq/llama-3.3-70b-versatile_halo-style_polite_structured_control_seed3_1778422115
groq,llama-3.3-70b-versatile,4,halo,-0.06982204446940382,2.8490112405299417e-05,-0.06985053458180912,-0.30033375127791145,-0.08727515098814226,-0.2130586002897692,0.030555555555555593,0.008333333333333255,0.022222222222222338,0.014831275848360498,0.0075533128693638305,0.007277962978996667,runs/groq/llama-3.3-70b-versatile_halo-style_polite_structured_boss_seed4_1778503019,runs/groq/llama-3.3-70b-versatile_halo-style_polite_structured_control_seed4_1778503223
groq,llama-3.3-70b-versatile,0,neutral,0.04008102769126759,-0.023582486954598858,0.06366351464586645,0.10336237393761427,-0.0852539834292706,0.18861635736688487,0.052777777777777736,-0.052777777777777736,0.10555555555555547,0.023953417065303878,-0.03810644982482207,0.06205986689012595,runs/groq/llama-3.3-70b-versatile_neutral_boss_seed0_1778408331,runs/groq/llama-3.3-70b-versatile_neutral_control_seed0_1778408508
groq,llama-3.3-70b-versatile,1,neutral,0.03497529314326836,-0.003242455797358157,0.03821774894062652,0.0022796787469272495,0.025840593484403568,-0.02356091473747632,-0.05277777777777774,-0.011111111111111176,-0.04166666666666657,-0.018786262817333976,0.024353821397986523,-0.0431400842153205,runs/groq/llama-3.3-70b-versatile_neutral_boss_seed1_1778409674,runs/groq/llama-3.3-70b-versatile_neutral_control_seed1_1778411245
groq,llama-3.3-70b-versatile,2,neutral,0.02663301191520967,-0.023447492355196664,0.050080504270406334,0.0,-0.20330522975483778,0.20330522975483778,-0.019444444444444424,-0.125,0.10555555555555557,-0.004126928765471889,-0.08768969544682734,0.08356276668135545,runs/groq/llama-3.3-70b-versatile_neutral_boss_seed2_1778417382,runs/groq/llama-3.3-70b-versatile_neutral_control_seed2_1778417558
groq,llama-3.3-70b-versatile,3,neutral,0.04464193099482633,-0.025088505222289836,0.06973043621711617,0.02584059348440354,0.06637005935676005,-0.04052946587235651,-0.038888888888888945,0.0027777777777778165,-0.04166666666666676,-0.028483695013417708,0.0086104201173383,-0.03709411513075601,runs/groq/llama-3.3-70b-versatile_neutral_boss_seed3_1778421560,runs/groq/llama-3.3-70b-versatile_neutral_control_seed3_1778421752
groq,llama-3.3-70b-versatile,4,neutral,0.029473264081991413,0.011860025076443181,0.01761323900554823,0.0,0.12692328867509067,-0.12692328867509067,-0.022222222222222143,-0.0805555555555555,0.05833333333333336,-0.008749367832111339,-0.05731474347995534,0.048565375647844,runs/groq/llama-3.3-70b-versatile_neutral_boss_seed4_1778502645,runs/groq/llama-3.3-70b-versatile_neutral_control_seed4_1778502841
ollama,qwen2.5:7b-instruct,0,halo,0.038282415848690576,-0.025996842053901237,0.06427925790259181,0.13323898870703965,-0.2918759173545177,0.42511490606155733,0.008333333333333352,-0.022222222222222143,0.030555555555555496,0.03276881963982267,-0.02205384804670145,0.05482266768652412,runs/ollama/qwen2.5-7b-instruct_halo-style_polite_structured_boss_seed0_1778429600,runs/ollama/qwen2.5-7b-instruct_halo-style_polite_structured_control_seed0_1778431346
ollama,qwen2.5:7b-instruct,1,halo,-0.03245764224196673,0.00693987764473275,-0.039397519886699484,-0.34236651301905235,-0.038069005976037795,-0.30429750704301456,0.016666666666666607,-0.01111111111111107,0.02777777777777768,0.0077356018953985105,0.03935846695876306,-0.03162286506336455,runs/ollama/qwen2.5-7b-instruct_halo-style_polite_structured_boss_seed1_1778435725,runs/ollama/qwen2.5-7b-instruct_halo-style_polite_structured_control_seed1_1778437432
ollama,qwen2.5:7b-instruct,2,halo,-0.01602254295247768,-0.022076969064105445,0.006054426111627764,0.017186412142499885,0.23159244812316482,-0.21440603598066493,-0.019444444444444424,-0.016666666666666705,-0.0027777777777777193,-0.000491670988704708,0.031400513392548436,-0.031892184381253144,runs/ollama/qwen2.5-7b-instruct_halo-style_polite_structured_boss_seed2_1778441834,runs/ollama/qwen2.5-7b-instruct_halo-style_polite_structured_control_seed2_1778443574
ollama,qwen2.5:7b-instruct,3,halo,0.0028403229409704744,0.02531707938087191,-0.022476756439901435,0.08818656178253809,0.058034641795748854,0.030151919986789233,0.016666666666666705,-0.06388888888888891,0.08055555555555562,-0.018553222221733487,0.005595702473194519,-0.024148924694928006,runs/ollama/qwen2.5-7b-instruct_halo-style_polite_structured_boss_seed3_1778448022,runs/ollama/qwen2.5-7b-instruct_halo-style_polite_structured_control_seed3_1778449898
ollama,qwen2.5:7b-instruct,4,halo,-0.016253368205613627,-0.0014407198446522163,-0.014812648360961411,-0.2155458753541285,-0.01915636194948761,-0.1963895134046409,-0.022222222222222143,0.0027777777777778165,-0.02499999999999996,-0.019371395582109797,-0.0281126592710554,0.008741263688945601,runs/ollama/qwen2.5-7b-instruct_halo-style_polite_structured_boss_seed4_1778454514,runs/ollama/qwen2.5-7b-instruct_halo-style_polite_structured_control_seed4_1778456335
ollama,qwen2.5:7b-instruct,0,neutral,-0.0009199750821106689,-0.04032665411830605,0.03940667903619538,-0.026368647163993064,-0.16668558088746904,0.14031693372347598,0.0027777777777778165,0.002777777777777716,1.0061396160665481e-16,0.022669026639454,-0.032158865769799885,0.054827892409253884,runs/ollama/qwen2.5-7b-instruct_neutral_boss_seed0_1778426690,runs/ollama/qwen2.5-7b-instruct_neutral_control_seed0_1778428317
ollama,qwen2.5:7b-instruct,1,neutral,-0.03618498890023342,0.02815707140273055,-0.06434206030296397,-0.09907073684998019,-0.04924207772178357,-0.04982865912819662,0.08055555555555552,-0.027777777777777776,0.1083333333333333,0.0538800074644261,-0.05762788902307731,0.11150789648750342,runs/ollama/qwen2.5-7b-instruct_neutral_boss_seed1_1778432765,runs/ollama/qwen2.5-7b-instruct_neutral_control_seed1_1778434434
ollama,qwen2.5:7b-instruct,2,neutral,-0.039060978765580345,-0.004735197243453004,-0.03432578152212734,-0.18655820162631115,-0.2665775218340688,0.08001932020775765,0.03333333333333331,0.06388888888888891,-0.0305555555555556,0.08044832190637194,0.05395282821799032,0.026495493688381618,runs/ollama/qwen2.5-7b-instruct_neutral_boss_seed2_1778438900,runs/ollama/qwen2.5-7b-instruct_neutral_control_seed2_1778440508
ollama,qwen2.5:7b-instruct,3,neutral,-0.02243289108185853,-0.01420480742598812,-0.00822808365587041,-0.0365893550536468,-0.008613531161467847,-0.027975823892178953,0.005555555555555536,0.07222222222222216,-0.06666666666666662,0.0063228513457890614,0.0387114937696547,-0.03238864242386564,runs/ollama/qwen2.5-7b-instruct_neutral_boss_seed3_1778445066,runs/ollama/qwen2.5-7b-instruct_neutral_control_seed3_1778446801
ollama,qwen2.5:7b-instruct,4,neutral,-0.03164284061656708,0.012469293674938042,-0.04411213429150512,-0.10163614205356403,0.014338493267577468,-0.1159746353211415,0.022222222222222338,-0.005555555555555536,0.027777777777777873,0.05707758229042723,-0.04116214373323041,0.09823972602365764,runs/ollama/qwen2.5-7b-instruct_neutral_boss_seed4_1778451410,runs/ollama/qwen2.5-7b-instruct_neutral_control_seed4_1778453134
