provider,model,seed,condition_type,strategy,random_RSI,final_RSI,delta_RSI,random_GBC,final_GBC,delta_GBC,random_CAI,final_CAI,delta_CAI,random_SII,final_SII,delta_SII,run_dir
deepseek,deepseek-v4-flash,0,halo,boss,0.42703895184527774,0.6519112316785645,0.22487227983328673,0.8507519184827128,0.6634494957504573,-0.1873024227322555,0.027777777777777776,0.06111111111111109,0.03333333333333331,0.021154925294066398,0.07627516787636653,0.055120242582300125,runs/deepseek/deepseek-v4-flash_halo-style_polite_structured_boss_seed0_1778255532
deepseek,deepseek-v4-flash,0,halo,control,0.4447963606655566,0.4523848253713789,0.0075884647058223065,0.5301473590651375,0.40616204963059005,-0.1239853094345475,0.07499999999999998,0.019444444444444424,-0.05555555555555556,0.05335936864527372,0.05859728641591388,0.0052379177706401575,runs/deepseek/deepseek-v4-flash_halo-style_polite_structured_control_seed0_1778258790
deepseek,deepseek-v4-flash,0,neutral,boss,0.47538813423560844,0.5771104693720334,0.10172233513642492,0.5304283680510373,0.5967984274077974,0.0663700593567601,0.02500000000000006,0.11388888888888893,0.08888888888888886,0.025000000000000057,0.09233761188108147,0.06733761188108142,runs/deepseek/deepseek-v4-flash_neutral_boss_seed0_1778261584
deepseek,deepseek-v4-flash,0,neutral,control,0.410573845567407,0.43135521806375293,0.02078137249634593,0.6931532170628952,0.6476207839890409,-0.04553243307385435,0.03888888888888885,0.03611111111111113,-0.0027777777777777193,0.02859897261385274,0.033448873829978625,0.004849901216125885,runs/deepseek/deepseek-v4-flash_neutral_control_seed0_1778264087
deepseek,deepseek-v4-flash,1,halo,boss,0.4775659820636111,0.6360891933685695,0.1585232113049584,0.5540524307667939,0.7089819288243117,0.15492949805751777,0.06666666666666662,0.14166666666666672,0.0750000000000001,0.0496903994999953,0.10034662148993584,0.05065622198994054,runs/deepseek/deepseek-v4-flash_halo-style_polite_structured_boss_seed1_1778275459
deepseek,deepseek-v4-flash,1,halo,control,0.46657441433931474,0.4589865091260441,-0.007587905213270629,0.5540524307667939,0.666235932183308,0.11218350141651412,0.06944444444444445,0.1083333333333333,0.03888888888888885,0.05099322152968285,0.07782736514512163,0.02683414361543878,runs/deepseek/deepseek-v4-flash_halo-style_polite_structured_control_seed1_1778277865
deepseek,deepseek-v4-flash,1,neutral,boss,0.4450464038701139,0.4961076948934619,0.051061291023348,0.4134494957504573,0.5893203355489114,0.17587083979845408,0.03333333333333331,0.06111111111111109,0.027777777777777776,0.023570226039551567,0.04321208107251122,0.019641855032959652,runs/deepseek/deepseek-v4-flash_neutral_boss_seed1_1778270621
deepseek,deepseek-v4-flash,1,neutral,control,0.5045507726492482,0.4416770259474204,-0.06287374670182777,0.6105562038882679,0.6476207839890409,0.03706458010077296,0.07222222222222216,0.10555555555555557,0.03333333333333341,0.051219691429404884,0.08258927081843616,0.031369579389031274,runs/deepseek/deepseek-v4-flash_neutral_control_seed1_1778273321
deepseek,deepseek-v4-flash,2,halo,boss,0.4868981871896272,0.6858183370895925,0.19892014989996532,0.43207490863491227,0.7756329971669715,0.34355808853205927,0.005555555555555536,0.18611111111111114,0.1805555555555556,0.01619708859679251,0.1433989944348923,0.1272019058380998,runs/deepseek/deepseek-v4-flash_halo-style_polite_structured_boss_seed2_1778363991
deepseek,deepseek-v4-flash,2,halo,control,0.5148406894160684,0.4968764394287736,-0.017964249987294845,0.4983727024717536,0.7385684170661986,0.240195714594445,0.10555555555555557,0.016666666666666607,-0.08888888888888896,0.07827223779780762,0.0524110062892033,-0.025861231508604317,runs/deepseek/deepseek-v4-flash_halo-style_polite_structured_control_seed2_1778367041
deepseek,deepseek-v4-flash,2,neutral,boss,0.4859986050645319,0.6139418155586585,0.12794321049412655,0.6263849156496843,0.6263849156496843,0.0,0.05833333333333327,0.11666666666666664,0.05833333333333337,0.061174209848736755,0.08333333333333331,0.02215912348459656,runs/deepseek/deepseek-v4-flash_neutral_boss_seed2_1778314504
deepseek,deepseek-v4-flash,2,neutral,control,0.488866765901858,0.4797346929330124,-0.009132072968845606,0.43407357839593963,0.6263849156496843,0.19231133725374472,0.03611111111111113,0.008333333333333352,-0.027777777777777776,0.026205503144601693,0.0416666666666667,0.015461163522065006,runs/deepseek/deepseek-v4-flash_neutral_control_seed2_1778319881
deepseek,deepseek-v4-flash,3,halo,boss,0.3893373716806199,0.541487875334457,0.1521505036538371,0.6719173487235387,0.6476207839890409,-0.024296564734497816,0.05555555555555555,0.01111111111111117,-0.044444444444444384,0.074120355911813,0.03239417719358497,-0.04172617871822803,runs/deepseek/deepseek-v4-flash_halo-style_polite_structured_boss_seed3_1778374797
deepseek,deepseek-v4-flash,3,halo,control,0.42548073286880034,0.46362572229350113,0.03814498942470079,0.6662359321833081,0.8878164985834858,0.22158056640017765,0.08055555555555552,0.07222222222222226,-0.008333333333333262,0.07270140182390221,0.05166965343816189,-0.021031748385740318,runs/deepseek/deepseek-v4-flash_halo-style_polite_structured_control_seed3_1778378062
deepseek,deepseek-v4-flash,3,neutral,boss,0.41793372021564473,0.6211088386423994,0.20317511842675468,0.4400722540316241,0.4846149259912832,0.04454267195965911,0.08888888888888886,0.14722222222222225,0.05833333333333339,0.07211530547637315,0.10426846877290813,0.032153163296534976,runs/deepseek/deepseek-v4-flash_neutral_boss_seed3_1778369609
deepseek,deepseek-v4-flash,3,neutral,control,0.4238612755246005,0.46135299787404344,0.037491722349442924,0.6159633604662078,0.580969715646381,-0.03499364481982681,0.0944444444444445,0.016666666666666705,-0.07777777777777779,0.07556372504853028,0.048591265790377466,-0.02697245925815281,runs/deepseek/deepseek-v4-flash_neutral_control_seed3_1778372259
deepseek,deepseek-v4-flash,4,halo,boss,0.4765712504920212,0.6490681608691077,0.17249691037708648,0.3863064341257903,0.7756329971669715,0.38932656304118124,0.1416666666666666,0.08888888888888892,-0.05277777777777769,0.10988911358251376,0.09170874455121765,-0.018180369031296106,runs/deepseek/deepseek-v4-flash_halo-style_polite_structured_boss_seed4_1778495932
deepseek,deepseek-v4-flash,4,halo,control,0.42643054073283193,0.46242439713594763,0.0359938564031157,0.5734916237874949,0.5970794363936973,0.023587812606202463,0.1277777777777777,0.005555555555555536,-0.12222222222222218,0.09852304361648995,0.06689774765995722,-0.031625295956532726,runs/deepseek/deepseek-v4-flash_halo-style_polite_structured_control_seed4_1778499427
deepseek,deepseek-v4-flash,4,neutral,boss,0.4216442000613019,0.565676320441932,0.14403212038063007,0.5893203355489114,0.5512659943339431,-0.03805434121496831,0.1388888888888889,0.03888888888888885,-0.10000000000000005,0.10099810534832133,0.058001702827280836,-0.0429964025210405,runs/deepseek/deepseek-v4-flash_neutral_boss_seed4_1778488543
deepseek,deepseek-v4-flash,4,neutral,control,0.442548847458204,0.45669894060600924,0.014150093147805243,0.3574191994392155,0.5893203355489114,0.23190113610969587,0.11388888888888883,0.04999999999999992,-0.06388888888888891,0.0986404494698039,0.06871842709362763,-0.029922022376176263,runs/deepseek/deepseek-v4-flash_neutral_control_seed4_1778492762
groq,llama-3.3-70b-versatile,0,halo,boss,0.4310282011211504,0.4868922705953118,0.05586406947416139,0.5007246467385995,0.5512659943339431,0.050541347595343566,0.0,0.08333333333333333,0.08333333333333333,0.023570226039551567,0.06871842709362767,0.045148201054076104,runs/groq/llama-3.3-70b-versatile_halo-style_polite_structured_boss_seed0_1778408671
groq,llama-3.3-70b-versatile,0,halo,control,0.43106754479013915,0.4439293068329636,0.012861762042824465,0.3738013580635089,0.3996419515479125,0.025840593484403596,0.027777777777777776,0.016666666666666607,-0.011111111111111169,0.03068155838107571,0.06394924685122963,0.03326768847015392,runs/groq/llama-3.3-70b-versatile_halo-style_polite_structured_control_seed0_1778408861
groq,llama-3.3-70b-versatile,0,neutral,boss,0.42734922936575254,0.4674302570570201,0.04008102769126759,0.39736227280098524,0.5007246467385995,0.10336237393761427,0.005555555555555536,0.05833333333333327,0.052777777777777736,0.031671539586087184,0.05562495665139106,0.023953417065303878,runs/groq/llama-3.3-70b-versatile_neutral_boss_seed0_1778408331
groq,llama-3.3-70b-versatile,0,neutral,control,0.43502811359941806,0.4114456266448192,-0.023582486954598858,0.4590553414927795,0.3738013580635089,-0.0852539834292706,0.052777777777777736,0.0,-0.052777777777777736,0.06167667586437364,0.023570226039551567,-0.03810644982482207,runs/groq/llama-3.3-70b-versatile_neutral_control_seed0_1778408508
groq,llama-3.3-70b-versatile,1,halo,boss,0.4489125701047667,0.48902723764952616,0.04011466754475945,0.24237061097392174,0.5007246467385995,0.25835403576467775,0.038888888888888945,0.0944444444444444,0.055555555555555455,0.0417591566065914,0.06678230711206279,0.025023150505471388,runs/groq/llama-3.3-70b-versatile_halo-style_polite_structured_boss_seed1_1778411411
groq,llama-3.3-70b-versatile,1,halo,control,0.41573358719630765,0.4274030303358377,0.011669443139530056,0.27043898412589457,0.35429461699364595,0.08385563286775138,0.06111111111111109,0.1083333333333333,0.04722222222222221,0.05583264233956049,0.10559209893749004,0.04975945659792955,runs/groq/llama-3.3-70b-versatile_halo-style_polite_structured_control_seed1_1778411607
groq,llama-3.3-70b-versatile,1,neutral,boss,0.41876200030737376,0.4537372934506421,0.03497529314326836,0.37152167931658164,0.3738013580635089,0.0022796787469272495,0.058333333333333376,0.005555555555555635,-0.05277777777777774,0.04656404059511173,0.027777777777777755,-0.018786262817333976,runs/groq/llama-3.3-70b-versatile_neutral_boss_seed1_1778409674
groq,llama-3.3-70b-versatile,1,neutral,control,0.41138771092949056,0.4081452551321324,-0.003242455797358157,0.244598390641491,0.27043898412589457,0.025840593484403568,0.058333333333333376,0.0472222222222222,-0.011111111111111176,0.05562495665139106,0.07997877804937759,0.024353821397986523,runs/groq/llama-3.3-70b-versatile_neutral_control_seed1_1778411245
groq,llama-3.3-70b-versatile,2,halo,boss,0.4458120698193311,0.4948291762476688,0.04901710642833773,0.5007246467385995,0.5007246467385995,0.0,0.07222222222222226,0.1388888888888889,0.06666666666666664,0.09043789220055388,0.1072955995323776,0.01685770733182372,runs/groq/llama-3.3-70b-versatile_halo-style_polite_structured_boss_seed2_1778417734
groq,llama-3.3-70b-versatile,2,halo,control,0.4412551326348041,0.45636957289012536,0.015114440255321271,0.42434270565885246,0.3479607645791053,-0.07638194107974716,0.10277777777777776,0.08333333333333333,-0.01944444444444443,0.09233761188108144,0.0667823071120628,-0.02555530476901864,runs/groq/llama-3.3-70b-versatile_halo-style_polite_structured_control_seed2_1778417928
groq,llama-3.3-70b-versatile,2,neutral,boss,0.45245390520092427,0.47908691711613394,0.02663301191520967,0.5007246467385995,0.5007246467385995,0.0,0.030555555555555496,0.011111111111111072,-0.019444444444444424,0.02169513798862955,0.01756820922315766,-0.004126928765471889,runs/groq/llama-3.3-70b-versatile_neutral_boss_seed2_1778417382
groq,llama-3.3-70b-versatile,2,neutral,control,0.4631404169556117,0.43969292460041504,-0.023447492355196664,0.5512659943339431,0.3479607645791053,-0.20330522975483778,0.125,0.0,-0.125,0.10733155047978699,0.019641855032959652,-0.08768969544682734,runs/groq/llama-3.3-70b-versatile_neutral_control_seed2_1778417558
groq,llama-3.3-70b-versatile,3,halo,boss,0.43639446913807306,0.4855198795135754,0.04912541037550233,0.3738013580635089,0.450183299143256,0.0763819410797471,0.0,0.08611111111111115,0.08611111111111115,0.051068823085695055,0.06460946305340563,0.013540639967710578,runs/groq/llama-3.3-70b-versatile_halo-style_polite_structured_boss_seed3_1778421925
groq,llama-3.3-70b-versatile,3,halo,control,0.4002854592970152,0.43428162658813196,0.03399616729111676,0.25093224305603157,0.3209803317212381,0.07004808866520651,0.05833333333333327,0.05000000000000002,-0.008333333333333255,0.04347909956249586,0.06538112386633234,0.021902024303836476,runs/groq/llama-3.3-70b-versatile_halo-style_polite_structured_control_seed3_1778422115
groq,llama-3.3-70b-versatile,3,neutral,boss,0.45731252000583983,0.5019544510006662,0.04464193099482633,0.47488405325419597,0.5007246467385995,0.02584059348440354,0.05000000000000002,0.011111111111111072,-0.038888888888888945,0.03726779962499651,0.0087841046115788,-0.028483695013417708,runs/groq/llama-3.3-70b-versatile_neutral_boss_seed3_1778421560
groq,llama-3.3-70b-versatile,3,neutral,control,0.4564197053440022,0.4313312001217124,-0.025088505222289836,0.3815335610395687,0.44790362039632875,0.06637005935676005,0.0472222222222222,0.05000000000000002,0.0027777777777778165,0.04722222222222219,0.05583264233956049,0.0086104201173383,runs/groq/llama-3.3-70b-versatile_neutral_control_seed3_1778421752
groq,llama-3.3-70b-versatile,4,halo,boss,0.4656534390796694,0.39583139461026556,-0.06982204446940382,0.5007246467385995,0.20039089546068806,-0.30033375127791145,0.05833333333333327,0.08888888888888886,0.030555555555555593,0.0485118033238138,0.0633430791721743,0.014831275848360498,runs/groq/llama-3.3-70b-versatile_halo-style_polite_structured_boss_seed4_1778503019
groq,llama-3.3-70b-versatile,4,halo,control,0.4184164614865901,0.4184449515989954,2.8490112405299417e-05,0.39736227280098524,0.310087121812843,-0.08727515098814226,0.027777777777777776,0.03611111111111103,0.008333333333333255,0.062112999374994156,0.06966631224435799,0.0075533128693638305,runs/groq/llama-3.3-70b-versatile_halo-style_polite_structured_control_seed4_1778503223
groq,llama-3.3-70b-versatile,4,neutral,boss,0.47502138691059187,0.5044946509925833,0.029473264081991413,0.47488405325419597,0.47488405325419597,0.0,0.02499999999999996,0.0027777777777778173,-0.022222222222222143,0.034359213546813816,0.025609845714702477,-0.008749367832111339,runs/groq/llama-3.3-70b-versatile_neutral_boss_seed4_1778502645
groq,llama-3.3-70b-versatile,4,neutral,control,0.4497554567830726,0.4616154818595158,0.011860025076443181,0.4243427056588524,0.5512659943339431,0.12692328867509067,0.08333333333333333,0.0027777777777778173,-0.0805555555555555,0.06009252125773316,0.002777777777777817,-0.05731474347995534,runs/groq/llama-3.3-70b-versatile_neutral_control_seed4_1778502841
ollama,qwen2.5:7b-instruct,0,halo,boss,0.37635168839935174,0.4146341042480423,0.038282415848690576,0.3146646316892891,0.44790362039632875,0.13323898870703965,0.02499999999999996,0.03333333333333331,0.008333333333333352,0.034359213546813816,0.06712803318663649,0.03276881963982267,runs/ollama/qwen2.5-7b-instruct_halo-style_polite_structured_boss_seed0_1778429600
ollama,qwen2.5:7b-instruct,0,halo,control,0.4077253557056888,0.38172851365178756,-0.025996842053901237,0.5204164863280503,0.22854056897353262,-0.2918759173545177,0.03333333333333331,0.01111111111111117,-0.022222222222222143,0.03621779114001473,0.014163943093313279,-0.02205384804670145,runs/ollama/qwen2.5-7b-instruct_halo-style_polite_structured_control_seed0_1778431346
ollama,qwen2.5:7b-instruct,0,neutral,boss,0.398523842513697,0.3976038674315863,-0.0009199750821106689,0.3206270572154195,0.29425841005142644,-0.026368647163993064,0.052777777777777736,0.05555555555555555,0.0027777777777778165,0.06167667586437364,0.08434570250382764,0.022669026639454,runs/ollama/qwen2.5-7b-instruct_neutral_boss_seed0_1778426690
ollama,qwen2.5:7b-instruct,0,neutral,control,0.43040129594727944,0.3900746418289734,-0.04032665411830605,0.3062914593332853,0.13960587844581623,-0.16668558088746904,0.02500000000000006,0.027777777777777776,0.002777777777777716,0.05218970618904428,0.020030840419244394,-0.032158865769799885,runs/ollama/qwen2.5-7b-instruct_neutral_control_seed0_1778428317
ollama,qwen2.5:7b-instruct,1,halo,boss,0.4055521307470678,0.3730944885051011,-0.03245764224196673,0.4825439907103371,0.14017747769128475,-0.34236651301905235,0.008333333333333352,0.02499999999999996,0.016666666666666607,0.03004626062886658,0.03778186252426509,0.0077356018953985105,runs/ollama/qwen2.5-7b-instruct_halo-style_polite_structured_boss_seed1_1778435725
ollama,qwen2.5:7b-instruct,1,halo,control,0.378840285205167,0.38578016284989974,0.00693987764473275,0.2890418992125052,0.25097289323646743,-0.038069005976037795,0.02222222222222224,0.01111111111111117,-0.01111111111111107,0.01619708859679251,0.055555555555555566,0.03935846695876306,runs/ollama/qwen2.5-7b-instruct_halo-style_polite_structured_control_seed1_1778437432
ollama,qwen2.5:7b-instruct,1,neutral,boss,0.39796502856118215,0.36178003966094874,-0.03618498890023342,0.28774734680970204,0.18867660995972185,-0.09907073684998019,0.02499999999999996,0.10555555555555547,0.08055555555555552,0.022395160411940382,0.07627516787636648,0.0538800074644261,runs/ollama/qwen2.5-7b-instruct_neutral_boss_seed1_1778432765
ollama,qwen2.5:7b-instruct,1,neutral,control,0.3911277557051004,0.41928482710783094,0.02815707140273055,0.4698751387327067,0.4206330610109231,-0.04924207772178357,0.041666666666666664,0.013888888888888888,-0.027777777777777776,0.06764330923269951,0.010015420209622197,-0.05762788902307731,runs/ollama/qwen2.5-7b-instruct_neutral_control_seed1_1778434434
ollama,qwen2.5:7b-instruct,2,halo,boss,0.3955737215988389,0.37955117864636123,-0.01602254295247768,0.4585141277375591,0.475700539880059,0.017186412142499885,0.05555555555555555,0.03611111111111113,-0.019444444444444424,0.039479640009866375,0.03898796902116167,-0.000491670988704708,runs/ollama/qwen2.5-7b-instruct_halo-style_polite_structured_boss_seed2_1778441834
ollama,qwen2.5:7b-instruct,2,halo,control,0.42126306184329093,0.3991860927791855,-0.022076969064105445,0.47767048968704673,0.7092629378102115,0.23159244812316482,0.03333333333333331,0.016666666666666607,-0.016666666666666705,0.02484519974999764,0.056245713142546075,0.031400513392548436,runs/ollama/qwen2.5-7b-instruct_halo-style_polite_structured_control_seed2_1778443574
ollama,qwen2.5:7b-instruct,2,neutral,boss,0.42385954173683665,0.3847985629712563,-0.039060978765580345,0.4837051807330959,0.2971469791067847,-0.18655820162631115,0.05555555555555555,0.08888888888888886,0.03333333333333331,0.039479640009866375,0.11992796191623832,0.08044832190637194,runs/ollama/qwen2.5-7b-instruct_neutral_boss_seed2_1778438900
ollama,qwen2.5:7b-instruct,2,neutral,control,0.40047683683487234,0.39574163959141934,-0.004735197243453004,0.38895633795694934,0.12237881612288051,-0.2665775218340688,0.0,0.06388888888888891,0.06388888888888891,0.015713484026367734,0.06966631224435806,0.05395282821799032,runs/ollama/qwen2.5-7b-instruct_neutral_control_seed2_1778440508
ollama,qwen2.5:7b-instruct,3,halo,boss,0.38428123248952584,0.3871215554304963,0.0028403229409704744,0.1665456611232476,0.2547322229057857,0.08818656178253809,0.06388888888888891,0.08055555555555562,0.016666666666666705,0.07581857813308993,0.05726535591135644,-0.018553222221733487,runs/ollama/qwen2.5-7b-instruct_halo-style_polite_structured_boss_seed3_1778448022
ollama,qwen2.5:7b-instruct,3,halo,control,0.3672227866598665,0.3925398660407384,0.02531707938087191,0.19089603611381217,0.24893067790956103,0.058034641795748854,0.07222222222222216,0.008333333333333255,-0.06388888888888891,0.051669653438161836,0.057265355911356355,0.005595702473194519,runs/ollama/qwen2.5-7b-instruct_halo-style_polite_structured_control_seed3_1778449898
ollama,qwen2.5:7b-instruct,3,neutral,boss,0.4083944355086129,0.38596154442675434,-0.02243289108185853,0.307150289720849,0.2705609346672022,-0.0365893550536468,0.0472222222222222,0.052777777777777736,0.005555555555555536,0.033448873829978576,0.03977172517576764,0.0063228513457890614,runs/ollama/qwen2.5-7b-instruct_neutral_boss_seed3_1778445066
ollama,qwen2.5:7b-instruct,3,neutral,control,0.39592981972141916,0.38172501229543104,-0.01420480742598812,0.2609441247790187,0.25233059361755084,-0.008613531161467847,0.03611111111111113,0.1083333333333333,0.07222222222222216,0.04203540541783765,0.08074689918749235,0.0387114937696547,runs/ollama/qwen2.5-7b-instruct_neutral_control_seed3_1778446801
ollama,qwen2.5:7b-instruct,4,halo,boss,0.41929640485796515,0.4030430366523515,-0.016253368205613627,0.5193397949328667,0.30379391957873825,-0.2155458753541285,0.07222222222222216,0.05000000000000002,-0.022222222222222143,0.07222222222222216,0.05285082664011236,-0.019371395582109797,runs/ollama/qwen2.5-7b-instruct_halo-style_polite_structured_boss_seed4_1778454514
ollama,qwen2.5:7b-instruct,4,halo,control,0.41326240379092377,0.41182168394627156,-0.0014407198446522163,0.4678764689716794,0.4487201070221918,-0.01915636194948761,0.013888888888888888,0.016666666666666705,0.0027777777777778165,0.061676675864373684,0.033564016593318285,-0.0281126592710554,runs/ollama/qwen2.5-7b-instruct_halo-style_polite_structured_control_seed4_1778456335
ollama,qwen2.5:7b-instruct,4,neutral,boss,0.4356360119046729,0.4039931712881058,-0.03164284061656708,0.42434270565885246,0.32270656360528843,-0.10163614205356403,0.011111111111111072,0.03333333333333341,0.022222222222222338,0.04392052305789413,0.10099810534832136,0.05707758229042723,runs/ollama/qwen2.5-7b-instruct_neutral_boss_seed4_1778451410
ollama,qwen2.5:7b-instruct,4,neutral,control,0.3919208160629957,0.40439010973793377,0.012469293674938042,0.21940733764595427,0.23374583091353174,0.014338493267577468,0.04444444444444448,0.038888888888888945,-0.005555555555555536,0.07737993487324514,0.03621779114001473,-0.04116214373323041,runs/ollama/qwen2.5-7b-instruct_neutral_control_seed4_1778453134
